{"cameraMode":{"drawMode":0,"name":"Shaded","section":"Shading Mode"},"sceneLighting":false,"audioPlay":false,"sceneViewState":{"showFog":true,"showMaterialUpdate":false,"showSkybox":true,"showFlares":true,"showImageEffects":true,"showParticleSystems":true},"in2DMode":false,"pivot":{"x":3.4825451374053957,"y":-4.646338939666748,"z":11.411151885986329},"rotation":{"x":-0.1831527203321457,"y":-0.13607561588287354,"z":0.0256121214479208,"w":-0.9733138084411621},"size":9.454048156738282,"orthographic":false}